email,user_log,login_result
test9@gmail.com,2026-02-28 15:59:06.957602,Success
test9@gmail.com,2026-02-28 15:59:24.704072,Fail
test9@gmail.com,2026-02-28 15:59:28.192827,Fail
test@gmail.com,2026-02-28 16:12:36.590983,Fail
test@gmail.com,2026-02-28 16:13:24.933432,Fail
test@gmail.com,2026-02-28 16:14:27.481336,Fail
test@gmail.com,2026-02-28 16:15:29.781243,Fail
test@gmail.com,2026-02-28 16:18:16.809454,Fail
test@gmail.com,2026-02-28 16:18:21.020214,Fail
test@gmail.com,2026-02-28 16:19:17.384596,Fail
test@gmail.com,2026-02-28 16:20:50.300162,Fail
test@gmail.com,2026-02-28 16:22:02.640425,Fail
test@gmail.com,2026-02-28 16:42:22.608597,Fail
test@gmail.com,2026-02-28 16:43:45.075115,Fail
test@gmail.com,2026-02-28 16:43:48.159876,Fail
test@gmail.com,2026-02-28 17:00:46.664841,Fail
test@gmail.com,2026-02-28 17:01:20.059890,Fail
test@gmail.com,2026-02-28 17:01:22.675219,Fail
test@gmail.com,2026-02-28 17:01:24.459439,Fail
test@gmail.com,2026-02-28 17:01:26.375782,Fail
test@gmail.com,2026-02-28 17:01:27.706116,Fail
test@gmail.com,2026-02-28 17:01:28.508601,Fail
test@gmail.com,2026-02-28 17:01:28.679152,Fail
test@gmail.com,2026-02-28 17:01:28.879280,Fail
test@gmail.com,2026-02-28 17:01:29.055345,Fail
test@gmail.com,2026-02-28 17:01:29.215139,Fail
test@gmail.com,2026-02-28 17:01:29.352713,Fail
test@gmail.com,2026-02-28 17:01:29.511644,Fail
test@gmail.com,2026-02-28 17:01:29.703850,Fail
test@gmail.com,2026-02-28 17:01:29.864617,Fail
test@gmail.com,2026-02-28 17:01:30.032175,Fail
test@gmail.com,2026-02-28 17:01:30.199675,Fail
test@gmail.com,2026-02-28 17:01:30.359071,Fail
test@gmail.com,2026-02-28 17:02:30.508561,Fail
test@gmail.com,2026-02-28 17:02:30.638881,Fail
test@gmail.com,2026-02-28 17:02:30.775884,Fail
test@gmail.com,2026-02-28 17:02:30.919617,Fail
test@gmail.com,2026-02-28 17:02:31.151268,Fail
test@gmail.com,2026-02-28 17:02:31.311067,Fail
test@gmail.com,2026-02-28 17:02:31.479452,Fail
test@gmail.com,2026-02-28 17:02:31.647715,Fail
test@gmail.com,2026-02-28 17:02:31.798980,Fail
test@gmail.com,2026-02-28 17:03:35.366843,Fail
test@gmail.com,2026-02-28 17:03:37.732388,Fail
test@gmail.com,2026-02-28 17:03:38.601269,Fail
test@gmail.com,2026-02-28 17:03:49.043581,Fail
test@gmail.com,2026-02-28 17:11:27.439232,Fail
test@gmail.com,2026-02-28 17:11:30.057777,Fail
test@gmail.com,2026-02-28 17:11:32.408290,Fail
test@gmail.com,2026-02-28 17:11:33.944001,Fail
test@gmail.com,2026-02-28 17:11:35.337941,Fail
test@gmail.com,2026-02-28 17:11:35.977197,Fail
test@gmail.com,2026-02-28 17:11:36.659326,Fail
test10@gmail.com,2026-02-28 17:12:18.604471,Fail
test10@gmail.com,2026-02-28 17:12:20.345524,Fail
test10@gmail.com,2026-02-28 17:12:21.666384,Fail
test10@gmail.com,2026-02-28 17:13:05.105758,Fail
test10@gmail.com,2026-02-28 17:13:06.499090,Fail
test10@gmail.com,2026-02-28 17:13:07.682032,Fail
test10@gmail.com,2026-02-28 17:13:15.322056,Success
test10@gmail.com,2026-02-28 17:13:41.208860,Fail
test10@gmail.com,2026-02-28 17:13:44.023545,Fail
test10@gmail.com,2026-02-28 17:13:45.137155,Fail
test10@gmail.com,2026-02-28 17:13:48.561288,Fail
test10@gmail.com,2026-02-28 17:16:04.031007,Success
test10@gmail.com,2026-02-28 17:16:11.536799,Fail
test10@gmail.com,2026-02-28 17:16:12.704986,Fail
test10@gmail.com,2026-02-28 17:16:13.240674,Fail
test@gmail.com,2026-02-28 17:51:46.759028,Fail
test10@gmail.com,2026-02-28 18:02:18.730738,Fail
test10@gmail.com,2026-02-28 18:02:19.646192,Fail
test10@gmail.com,2026-02-28 18:02:20.700678,Fail
test10@gmail.com,2026-02-28 18:03:15.851355,Fail
test10@gmail.com,2026-02-28 18:03:16.807332,Fail
test10@gmail.com,2026-02-28 18:03:17.782339,Fail
test10@gmail.com,2026-02-28 18:05:03.275447,Fail
test10@gmail.com,2026-02-28 18:05:04.022540,Fail
test10@gmail.com,2026-02-28 18:05:04.800653,Fail
test10@gmail.com,2026-02-28 18:07:34.401594,Fail
test10@gmail.com,2026-02-28 18:07:35.219794,Fail
test10@gmail.com,2026-02-28 18:07:36.054082,Fail
test10@gmail.com,2026-02-28 18:16:45.382097,Success
test11@gmail.com,2026-02-28 18:19:13.172745,Success
test11@gmail.com,2026-02-28 18:20:23.548268,Fail
test11@gmail.com,2026-02-28 18:20:23.719571,Fail
test11@gmail.com,2026-02-28 18:20:23.935458,Fail
test11@gmail.com,2026-02-28 18:20:24.675579,Fail
test12@gmail.com,2026-02-28 19:33:46.128132,Success
test@gmail.com,2026-05-06 18:24:16.043203,Fail
test@gmail.com,2026-05-06 20:20:25.427189,Fail
test@gmail.com,2026-05-09 14:47:55.377979,Fail
test@gmail.com,2026-05-09 14:47:57.503094,Fail
test@gmail.com,2026-05-09 14:47:58.333628,Fail
test@gmail.com,2026-05-09 14:47:59.262426,Fail
test@gmail.com,2026-05-09 14:48:03.670654,Fail
test@gmail.com,2026-05-09 14:48:12.038884,Fail
test@gmail.com,2026-05-09 14:48:12.807142,Fail
test@gmail.com,2026-05-09 14:48:33.566862,Fail
test@gmail.com,2026-05-09 14:50:36.965763,Fail
test@gmail.com,2026-05-09 14:50:42.486873,Fail
test14@gmail.com,2026-05-09 14:55:00.397031,Fail
test14@gmail.com,2026-05-09 14:55:01.787514,Fail
test14@gmail.com,2026-05-09 14:55:03.148142,Fail
test14@gmail.com,2026-05-09 14:55:05.029421,Fail
test14@gmail.com,2026-05-09 14:56:48.518179,Fail
test14@gmail.com,2026-05-09 14:56:50.637489,Fail
test14@gmail.com,2026-05-09 14:56:51.909467,Fail
test14@gmail.com,2026-05-09 14:56:53.020811,Fail
test14@gmail.com,2026-05-09 14:56:53.805174,Fail
test14@gmail.com,2026-05-09 14:56:54.396964,Fail
